"Avatar","Display Name","Url","Registered days ago"
"","Oscar Porras","","2014-04-23 17:05:37",""
"","hierrosboyaca","","2014-08-21 19:16:32",""
"","Bufete2","","2014-09-10 17:41:58",""
"","Bufete3","","2014-09-10 17:46:14",""
"","Bufete4","","2014-09-10 17:51:08",""
"","Bufete6","","2014-09-10 19:18:02",""
"","Bufete7","","2014-09-10 19:20:45",""
"","Bufete8","","2014-09-10 19:24:04",""
"","Bufete10","","2014-09-10 19:28:50",""
"","Bufete12","","2014-09-10 19:35:11",""
"","Bufete14","","2014-09-10 19:42:02",""
"","Bufete15","","2014-09-10 19:48:21",""
"","Bufete17","","2014-09-10 20:00:23",""
"","Bufete18","","2014-09-10 20:02:48",""
"","Adminof2","","2014-09-10 20:35:56",""
"","Adminof3","","2014-09-10 20:38:59",""
"","Adminof4","http://www.grupovalcassa.com","2014-09-10 20:45:26",""
"","Adminof5","","2014-09-10 20:47:53",""
"","Adminof7","","2014-09-10 20:53:31",""
"","Adminof8","","2014-09-10 20:55:45",""
"","Adminof9","","2014-09-10 20:58:26",""
"","Adminof10","","2014-09-10 21:05:32",""
"","Adminof11","","2014-09-10 21:07:38",""
"","Adminof13","","2014-09-10 21:20:23",""
"","Adminof16","","2014-09-10 21:34:30",""
"","Adminof17","","2014-09-10 21:36:20",""
"","Adminof20","","2014-09-10 21:46:47",""
"","Adminof21","","2014-09-10 21:48:52",""
"","Adminof26","","2014-09-10 22:01:07",""
"","Adminof27","","2014-09-10 22:03:46",""
"","Adminof28","","2014-09-10 22:07:13",""
"","Adminof30","","2014-09-10 22:13:38",""
"","Adminof31","","2014-09-10 22:16:51",""
"","Admin1","","2014-09-11 00:48:45",""
"","Aseo1","","2014-09-11 20:28:02",""
"","Aseo3","","2014-09-11 20:52:07",""
"","Aseo4","","2014-09-11 20:54:49",""
"","Aseo5","","2014-09-11 20:57:23",""
"","Aseo6","","2014-09-11 20:59:49",""
"","Aseo7","","2014-09-11 21:01:57",""
"","Aseo8","","2014-09-11 21:04:52",""
"","Aseo9","","2014-09-11 21:07:14",""
"","Aseo11","","2014-09-11 21:16:51",""
"","Aseo13","","2014-09-11 21:25:32",""
"","Aseo14","","2014-09-11 21:27:48",""
"","Aseo16","","2014-09-11 21:32:49",""
"","Aseo17","","2014-09-11 21:34:54",""
"","Aseo18","","2014-09-11 21:41:08",""
"","Aseo23","","2014-09-11 21:53:57",""
"","Aseo24","","2014-09-11 21:56:09",""
"","Cerra1","","2014-09-12 15:43:24",""
"","Cerra2","","2014-09-12 15:51:57",""
"","Cerra3","","2014-09-12 15:55:27",""
"","Cerra4","","2014-09-12 15:57:45",""
"","Cerra6","","2014-09-12 16:02:31",""
"","Cerra10","","2014-09-12 16:15:53",""
"","Cerra12","","2014-09-12 16:21:46",""
"","Cerra14","","2014-09-12 16:26:18",""
"","Cerra18","","2014-09-12 16:38:16",""
"","Cerra19","","2014-09-12 16:40:49",""
"","Cerra20","","2014-09-12 16:43:00",""
"","Cerra22","","2014-09-12 16:46:51",""
"","Cerra23","","2014-09-12 16:48:44",""
"","Cerra24","","2014-09-12 16:50:37",""
"","Cctv1","","2014-09-12 19:49:03",""
"","Cctv2","","2014-09-12 19:53:14",""
"","Cctv5","","2014-09-12 20:01:54",""
"","Cctv6","","2014-09-12 20:04:05",""
"","Cctv7","","2014-09-12 20:06:14",""
"","Cctv9","","2014-09-12 20:10:43",""
"","Cctv10","","2014-09-12 20:15:00",""
"","Citof1","","2014-09-12 21:07:34",""
"","Citof2","","2014-09-12 21:09:47",""
"","Citof3","","2014-09-12 21:12:19",""
"","Citof4","","2014-09-12 21:14:49",""
"","Citof5","","2014-09-12 21:17:37",""
"","Citof6","","2014-09-12 21:19:41",""
"","Citof7","","2014-09-12 21:21:27",""
"","Citof8","","2014-09-12 21:23:22",""
"","Citof9","","2014-09-12 21:25:44",""
"","Citof10","","2014-09-12 21:28:26",""
"","Citof11","","2014-09-12 21:31:29",""
"","Citof12","","2014-09-12 21:33:26",""
"","Citof14","","2014-09-12 21:38:13",""
"","Citof15","","2014-09-12 21:40:48",""
"","Citof16","","2014-09-12 21:43:27",""
"","Citof17","","2014-09-12 21:45:51",""
"","Citof18","","2014-09-12 21:48:06",""
"","Citof19","","2014-09-12 21:50:52",""
"","Citof21","","2014-09-12 21:55:43",""
"","Citof22","","2014-09-12 21:57:36",""
"","Compu1","","2014-09-15 13:36:24",""
"","Compu3","","2014-09-15 16:00:31",""
"","Compu4","","2014-09-15 16:04:13",""
"","Compu5","","2014-09-15 16:07:30",""
"","Compu7","","2014-09-15 16:14:15",""
"","Compu6","","2014-09-15 16:28:37",""
"","Oficont1","","2014-09-15 17:28:19",""
"","Oficont2","","2014-09-15 17:30:42",""
"","Oficont4","","2014-09-15 17:37:54",""
"","Oficont6","","2014-09-15 17:45:06",""
"","Oficont7","","2014-09-15 21:02:21",""
"","Oficont9","","2014-09-15 21:09:58",""
"","Oficont10","","2014-09-15 21:12:53",""
"","Oficont11","","2014-09-15 21:14:52",""
"","Oficont16","","2014-09-15 21:31:27",""
"","Oficont18","","2014-09-15 21:36:20",""
"","Oficont19","","2014-09-15 21:39:10",""
"","Oficont20","","2014-09-15 21:43:23",""
"","Oficont21","","2014-09-15 21:45:47",""
"","Equiof2","","2014-09-15 22:06:31",""
"","Equiof4","","2014-09-15 22:13:24",""
"","Equiof6","","2014-09-15 22:19:59",""
"","Equiof7","","2014-09-15 22:24:02",""
"","Bufete19","","2014-09-16 13:11:37",""
"","Abogado1","","2014-09-16 13:21:09",""
"","Ferre1","","2014-09-17 17:06:26",""
"","Ferre2","","2014-09-17 17:09:10",""
"","Ferre3","","2014-09-17 17:19:50",""
"","Ferre5","","2014-09-17 17:26:08",""
"","Ferre7","","2014-09-17 17:31:31",""
"","Ferre8","","2014-09-17 17:34:49",""
"","Ferre9","","2014-09-17 19:44:28",""
"","Ferre10","","2014-09-17 19:47:07",""
"","Ferre11","","2014-09-17 19:49:51",""
"","Imper1","","2014-09-18 21:36:59",""
"","Imper2","","2014-09-18 21:39:24",""
"","Lito1","","2014-09-18 21:49:13",""
"","Lito2","","2014-09-18 21:52:03",""
"","ivan","","2014-09-23 16:32:22",""
"","cristian","","2014-09-23 16:40:02",""
"","Lito3","","2014-09-26 14:37:55",""
"","Lito5","","2014-09-26 15:18:59",""
"","Lito8","","2014-09-26 15:38:02",""
"","Lito9","","2014-09-26 15:41:11",""
"","Lito10","","2014-09-26 15:44:34",""
"","Lito11","","2014-09-26 15:47:01",""
"","Lito12","","2014-09-26 15:51:16",""
"","Lito13","","2014-09-26 15:54:22",""
"","Lito14","","2014-09-26 15:57:17",""
"","Lito15","","2014-09-26 15:59:55",""
"","Lito16","","2014-09-26 16:02:53",""
"","Lito17","","2014-09-26 16:04:49",""
"","Lito18","","2014-09-26 16:07:44",""
"","Lito19","","2014-09-26 16:10:27",""
"","Lito21","","2014-09-26 16:15:02",""
"","Lito22","","2014-09-26 16:17:32",""
"","Lito23","","2014-09-26 16:20:44",""
"","Lito24","","2014-09-26 16:23:15",""
"","Lito25","","2014-09-26 16:25:56",""
"","Lito26","","2014-09-26 16:28:56",""
"","Lito27","","2014-09-26 16:32:06",""
"","Lito28","","2014-09-26 16:34:32",""
"","Lito29","","2014-09-26 16:37:09",""
"","Pape1","","2014-09-26 22:12:31",""
"","Pape2","","2014-09-26 22:36:57",""
"","Pape3","","2014-09-26 22:39:47",""
"","Pape4","","2014-09-26 22:43:03",""
"","Pape5","","2014-09-26 22:45:37",""
"","Pape6","","2014-09-26 22:48:30",""
"","Pape7","","2014-09-26 22:52:55",""
"","Pape8","","2014-09-26 22:55:48",""
"","Pape9","","2014-09-26 23:04:15",""
"","Pape10","","2014-09-26 23:10:07",""
"","Pape11","","2014-09-26 23:12:40",""
"","Pape12","","2014-09-26 23:15:07",""
"","Pape13","","2014-09-26 23:17:30",""
"","Pape15","","2014-09-26 23:24:41",""
"","Pape16","","2014-09-26 23:27:54",""
"","Puel2","","2014-09-27 00:00:49",""
"","Puel3","","2014-09-27 00:05:55",""
"","Puel4","","2014-09-27 00:10:23",""
"","Puel10","","2014-09-29 21:43:05",""
"","Puel11","","2014-09-29 21:45:04",""
"","Puel12","","2014-09-29 21:47:49",""
"","Puel13","","2014-09-29 21:50:33",""
"","Segu1","","2014-09-29 21:59:13",""
"","Segu3","","2014-09-29 22:03:49",""
"","Segu4","","2014-09-29 22:07:02",""
"","Segu5","","2014-09-29 22:12:24",""
"","Segu6","","2014-09-29 22:15:10",""
"","Segu7","","2014-09-29 22:19:25",""
"","Segu8","","2014-09-29 22:21:53",""
"","Segu9","","2014-09-29 22:23:59",""
"","Segu10","","2014-09-29 22:26:13",""
"","Segu11","","2014-09-29 22:28:19",""
"","Segu12","","2014-09-29 22:31:14",""
"","Segu13","","2014-09-29 22:34:13",""
"","Segu15","","2014-09-29 22:39:07",""
"","Segu16","","2014-09-29 22:40:53",""
"","Segu17","","2014-09-29 22:43:23",""
"","Segu18","","2014-09-29 22:45:32",""
"","Segu19","","2014-09-29 22:47:58",""
"","Segu20","","2014-09-29 22:50:01",""
"","Segu21","","2014-09-29 22:52:05",""
"","Segu22","","2014-09-29 22:54:44",""
"","Segu23","","2014-09-29 22:56:45",""
"","Segu24","","2014-09-29 22:58:14",""
"","Sello1","","2014-09-29 23:51:18",""
"","Sello2","","2014-09-29 23:54:01",""
"","Sello4","","2014-09-30 14:06:25",""
"","Sello5","","2014-09-30 14:08:51",""
"","Sello6","","2014-09-30 14:11:04",""
"","Sello10","","2014-09-30 14:19:45",""
"","Soft2","","2014-09-30 14:46:21",""
"","Soft3","","2014-09-30 14:52:58",""
"","Soft4","","2014-09-30 14:55:47",""
"","Soft5","","2014-09-30 14:57:58",""
"","Soft6","","2014-09-30 14:59:54",""
"","Soft7","","2014-09-30 15:01:51",""
"","Soft8","","2014-09-30 15:03:47",""
"","Soft9","","2014-09-30 15:06:40",""
"","Soft10","","2014-09-30 15:08:47",""
"","Soft11","","2014-09-30 15:12:18",""
"","Soft12","","2014-09-30 15:13:52",""
"","Soft13","","2014-09-30 15:25:58",""
"","Soft1","","2014-09-30 15:53:50",""
"","Vidrio1","","2014-09-30 16:01:46",""
"","Vidrio4","","2014-09-30 16:15:08",""
"","Vidrio5","","2014-09-30 16:17:34",""
"","Vidrio8","","2014-09-30 16:27:31",""
"","Vidrio9","","2014-09-30 16:32:39",""
"","Vidrio10","","2014-09-30 16:36:26",""
"","Vidrio11","","2014-09-30 16:38:49",""
"","Vidrio13","","2014-09-30 16:44:00",""
"","Vidrio14","","2014-09-30 16:46:30",""
"","Vidrio15","","2014-09-30 16:52:03",""
"","Vidrio16","","2014-09-30 16:54:09",""
"","Vidrio17","","2014-09-30 16:56:11",""
"","Vidrio19","","2014-09-30 17:00:36",""
"","Vidrio20","","2014-09-30 17:03:07",""
"","Vidrio21","","2014-09-30 17:05:05",""
"","Vidrio22","","2014-09-30 17:07:02",""
"","Adminof23","","2014-09-30 17:26:29",""
"","Vigila1","","2014-09-30 19:52:18",""
"","Vigila2","","2014-09-30 19:57:35",""
"","Vigila3","","2014-09-30 19:59:50",""
"","Vigila5","","2014-09-30 20:05:56",""
"","Vigila6","","2014-09-30 20:09:04",""
"","Vigila7","","2014-09-30 20:12:39",""
"","Vigila8","","2014-09-30 20:16:32",""
"","Vigila9","","2014-09-30 20:18:27",""
"","Vigila10","","2014-09-30 20:20:35",""
"","Vigila11","","2014-09-30 20:25:17",""
"","Vigila12","","2014-09-30 20:44:45",""
"","Vigila13","","2014-09-30 20:47:57",""
"","Vigila14","","2014-09-30 20:51:07",""
"","Vigila15","","2014-09-30 20:53:21",""
"","Vigila16","","2014-09-30 20:56:22",""
"","Vigila17","","2014-09-30 20:58:42",""
"","Vigila18","","2014-09-30 21:01:18",""
"","Vigila19","","2014-09-30 21:04:01",""
"","Vigila21","","2014-09-30 21:12:43",""
"","Vigila22","","2014-09-30 21:15:21",""
"","Vigila23","","2014-09-30 21:17:22",""
"","Vigila25","","2014-09-30 21:23:22",""
"","Vigila26","","2014-09-30 21:26:55",""
"","Vigila27","","2014-09-30 21:29:12",""
"","Vigila28","","2014-09-30 21:32:01",""
"","Vigila29","","2014-09-30 21:44:44",""
"","Vigila30","","2014-09-30 21:53:40",""
"","Vigila31","","2014-09-30 21:56:58",""
"","Vigila32","","2014-09-30 22:01:32",""
"","Vigila33","","2014-09-30 22:04:23",""
"","Vigila34","","2014-09-30 22:09:59",""
"","Vigila36","","2014-09-30 22:18:07",""
"","Vigila37","","2014-09-30 22:20:21",""
"","Vigila38","","2014-09-30 22:24:48",""
"","Vigila39","","2014-09-30 22:35:41",""
"","Vigila40","","2014-09-30 22:41:24",""
"","Vigila41","","2014-09-30 22:45:02",""
"","Vigila42","","2014-09-30 22:47:51",""
"","Vigila43","","2014-09-30 22:49:52",""
"","Vigila44","","2014-09-30 22:51:47",""
"","Vigila45","","2014-09-30 22:54:12",""
"","Vigila46","","2014-09-30 22:56:20",""
"","Vigila47","","2014-09-30 22:58:49",""
"","Vigila48","","2014-09-30 23:00:43",""
"","Vigila49","","2014-09-30 23:03:02",""
"","Vigila50","","2014-09-30 23:05:40",""
"","Vigila51","","2014-09-30 23:23:01",""
"","Vigila52","","2014-09-30 23:25:21",""
"","Vigila53","","2014-09-30 23:27:52",""
"","Vigila54","","2014-09-30 23:30:04",""
"","Vigila55","","2014-09-30 23:33:57",""
"","Prueba2","","2014-10-02 15:35:44",""
"","Prueba3","","2014-10-02 15:37:26",""
"","Prueba4","","2014-10-02 15:39:50",""
"","Prueba6","","2014-10-02 15:44:14",""
"","Prueba7","","2014-10-02 15:46:07",""
"","Prueba8","","2014-10-02 15:48:57",""
"","Propi1","","2014-10-02 17:01:18",""
"","jeff","","2014-11-07 19:06:00",""
"","Prueba1","","2014-11-26 20:12:53",""
"","Prueba5","","2015-02-02 19:52:38",""
"","Adminof33","","2015-02-05 16:23:55",""
"","Adminof34","","2015-02-05 16:28:20",""
"","Adminof35","","2015-02-05 16:35:37",""
"","Adminof36","","2015-02-05 17:06:52",""
"","Adminof37","","2015-02-05 17:10:01",""
"","Adminof38","","2015-02-05 17:13:04",""
"","Adminof39","","2015-02-05 17:17:04",""
"","Adminof42","","2015-02-05 17:33:30",""
"","Adminof45","","2015-02-05 17:50:16",""
"","Adminof47","","2015-02-05 17:55:15",""
"","Adminof48","","2015-02-05 17:57:39",""
"","Adminof55","","2015-02-05 18:15:02",""
"","Adminof57","","2015-02-05 18:20:14",""
"","Adminof71","","2015-02-09 12:57:00",""
"","Aseo27","","2015-02-09 22:55:00",""
"","Aseo28","","2015-02-09 22:58:38",""
"","Aseo30","","2015-02-09 23:14:19",""
"","Aseo29","","2015-02-16 21:01:22",""
"","Aseo25","","2015-02-16 21:05:31",""
"","Imper4","","2015-03-10 01:43:44",""
"","Imper5","","2015-03-10 01:51:58",""
"","Imper6","","2015-03-10 01:55:36",""
"","Imper7","","2015-03-10 02:12:29",""
"","Imper8","","2015-03-10 02:17:01",""
"","Imper9","","2015-03-10 02:21:49",""
"","Imper10","","2015-03-10 02:25:29",""
"","Imper11","","2015-03-10 02:29:28",""
"","Imper12","","2015-03-10 02:32:16",""
"","Imper13","","2015-03-10 02:35:50",""
"","Imper14","","2015-03-10 02:38:30",""
"","Imper15","","2015-03-10 02:42:48",""
"","Imper16","","2015-03-10 02:46:50",""
"","Imper17","","2015-03-10 02:50:01",""
"","Imper18","","2015-03-10 22:39:10",""
"","Imper19","","2015-03-10 22:44:25",""
"","Soft14","","2015-03-11 00:03:55",""
"","Soft15","","2015-03-11 00:06:47",""
"","Soft16","","2015-03-11 00:54:10",""
"","Soft17","","2015-03-11 00:58:28",""
"","Vigila4","","2015-03-12 12:49:13",""
"","Vigila20","","2015-03-12 12:53:16",""
"","Vigila24","","2015-03-12 12:56:04",""
"","Cctv19","","2015-05-25 20:10:27",""
"","Cctv20","","2015-05-25 20:19:26",""
"","Cctv21","","2015-05-25 20:24:33",""
"","Cctv22","","2015-05-25 20:32:09",""
"","Cctv24","","2015-05-25 20:53:12",""
"","Cctv27","","2015-05-25 21:05:03",""
"","Cctv28","","2015-05-25 21:11:13",""
"","Cctv29","","2015-05-25 21:18:35",""
"","Cctv30","","2015-05-25 21:24:31",""
"","Cctv31","","2015-05-25 21:30:48",""
"","Cctv32","","2015-05-25 21:37:04",""
"","Cctv33","","2015-05-25 21:56:00",""
"","Cctv34","","2015-05-25 22:09:54",""
"","Cctv35","","2015-05-25 22:16:00",""
"","Cctv36","","2015-05-25 22:30:52",""
"","Cctv37","","2015-05-25 22:37:55",""
"","Cctv39","","2015-05-25 22:52:12",""
"","Cctv40","","2015-05-25 22:57:23",""
"","Cctv41","","2015-05-25 23:02:01",""
"","Cctv42","","2015-05-25 23:05:55",""
"","Aseo31","","2015-05-26 15:27:20",""
"","Aseo32","","2015-05-26 15:32:55",""
"","Aseo33","","2015-05-26 15:40:44",""
"","Aseo34","","2015-05-26 15:50:56",""
"","Aseo35","","2015-05-26 15:57:22",""
"","Aseo36","","2015-05-26 16:14:40",""
"","Aseo37","","2015-05-26 16:27:14",""
"","Aseo38","","2015-05-26 16:45:56",""
"","Aseo39","","2015-05-26 16:57:15",""
"","Adminof73","","2015-05-26 17:29:06",""
"","Adminof74","","2015-05-26 17:33:04",""
"","Adminof75","","2015-05-26 17:36:22",""
"","Adminof76","","2015-05-26 17:42:58",""
"","Adminof77","","2015-05-26 17:46:59",""
"","Adminof78","","2015-05-26 17:52:17",""
"","Adminof79","","2015-05-26 17:55:41",""
"","Adminof80","","2015-05-26 19:18:34",""
"","Adminof81","","2015-05-26 19:28:41",""
"","Adminof82","","2015-05-26 19:36:49",""
"","Adminof83","","2015-05-26 19:43:30",""
"","Adminof84","","2015-05-26 19:49:48",""
"","Adminof85","","2015-05-26 20:03:25",""
"","Adminof86","","2015-05-26 20:09:11",""
"","Adminof87","","2015-05-26 20:15:57",""
"","Adminof88","","2015-05-26 20:24:28",""
"","Adminof89","","2015-05-26 20:36:12",""
"","Adminof90","","2015-05-26 20:42:09",""
"","Adminof91","","2015-05-26 20:48:47",""
"","Adminof92","","2015-05-26 20:56:21",""
"","Adminof93","","2015-05-26 21:03:03",""
"","Adminof94","","2015-05-26 21:08:23",""
"","Adminof95","","2015-05-26 21:12:30",""
"","Adminof97","","2015-05-26 21:30:03",""
"","Adminof98","","2015-05-26 21:35:20",""
"","Adminof99","","2015-05-26 21:41:01",""
"","Adminof101","","2015-05-26 21:51:00",""
"","Adminof102","","2015-05-26 22:10:59",""
"","Adminof103","","2015-05-26 22:14:00",""
"","Adminof104","","2015-05-26 22:17:50",""
"","Adminof105","","2015-05-26 22:23:44",""
"","Adminof106","","2015-05-26 22:29:43",""
"","Adminof107","","2015-05-26 22:37:45",""
"","Adminof108","","2015-05-26 22:44:02",""
"","Adminof109","","2015-05-26 22:46:33",""
"","Adminof110","","2015-05-26 22:49:50",""
"","Adminof111","","2015-05-26 22:52:28",""
"","Adminof112","","2015-05-26 22:55:56",""
"","Adminof113","","2015-05-26 22:58:35",""
"","Adminof114","","2015-05-26 23:02:22",""
"","Adminof115","","2015-05-26 23:06:07",""
"","Adminof117","","2015-05-27 14:05:13",""
"","Adminof118","","2015-05-27 14:11:13",""
"","Adminof119","","2015-05-27 14:15:10",""
"","Adminof120","","2015-05-27 14:20:20",""
"","Adminof121","","2015-05-27 14:25:05",""
"","Adminof122","","2015-05-27 14:29:17",""
"","Adminof123","","2015-05-27 14:35:03",""
"","Adminof124","","2015-05-27 14:41:09",""
"","Adminof125","","2015-05-27 14:45:26",""
"","Adminof126","","2015-05-27 14:48:37",""
"","Adminof127","","2015-05-27 14:52:50",""
"","Adminof128","","2015-05-27 14:56:41",""
"","Adminof129","","2015-05-27 15:00:13",""
"","Adminof6","","2015-05-27 15:08:11",""
"","Adminof14","","2015-05-27 15:19:47",""
"","Adminof18","","2015-05-27 15:31:32",""
"","Adminof22","","2015-05-27 15:52:33",""
"","Adminof24","","2015-05-27 15:56:23",""
"","Adminof25","","2015-05-27 16:00:33",""
"","Adminof32","","2015-05-27 16:04:37",""
"","Adminof40","","2015-05-27 16:09:53",""
"","Adminof43","","2015-05-27 16:14:43",""
"","Adminof44","","2015-05-27 16:18:27",""
"","Adminof46","","2015-05-27 16:23:13",""
"","Adminof49","","2015-05-27 16:27:18",""
"","Adminof50","","2015-05-27 16:32:33",""
"","Adminof51","","2015-05-27 16:35:53",""
"","Adminof52","","2015-05-27 16:38:47",""
"","Adminof56","","2015-05-27 16:54:43",""
"","Adminof58","","2015-05-27 16:57:46",""
"","Adminof59","","2015-05-27 17:01:44",""
"","Adminof60","","2015-05-27 17:05:56",""
"","Adminof62","","2015-05-27 17:12:00",""
"","Adminof63","","2015-05-27 17:17:05",""
"","Adminof64","","2015-05-27 17:21:46",""
"","Adminof66","","2015-05-27 17:24:59",""
"","Adminof67","","2015-05-27 17:29:54",""
"","Adminof68","","2015-05-27 17:44:46",""
"","Adminof69","","2015-05-27 17:49:03",""
"","Adminof70","","2015-05-27 17:53:48",""
"","Adminof72","","2015-05-27 17:58:17",""
"","Adminof1","","2015-05-27 19:18:31",""
"","Adminof130","","2015-05-27 20:15:07",""
"","Adminof131","","2015-05-27 20:27:24",""
"","Adminof132","","2015-05-27 20:31:20",""
"","Adminof133","","2015-05-27 20:49:50",""
"","Adminof134","","2015-05-27 21:04:51",""
"","Adminof136","","2015-05-27 21:31:31",""
"","Adminof135","","2015-05-27 21:33:55",""
"","Adminof137","","2015-05-27 21:38:34",""
"","Cerra25","","2015-05-27 21:56:01",""
"","Cerra26","","2015-05-27 22:04:10",""
"","Cerra27","","2015-05-27 22:10:16",""
"","Cerra28","","2015-05-27 22:14:23",""
"","Cerra29","","2015-05-27 22:20:25",""
"","Cerra30","","2015-05-27 22:30:02",""
"","Cerra31","","2015-05-27 22:39:29",""
"","Cerra32","","2015-05-27 22:44:33",""
"","Cerra33","","2015-05-27 22:48:44",""
"","Cerra34","","2015-05-27 22:53:39",""
"","Cerra35","","2015-05-27 22:56:56",""
"","Cerra36","","2015-05-27 23:06:08",""
"","Cerra37","","2015-05-27 23:09:38",""
"","Cerra38","","2015-05-27 23:14:07",""
"","Cerra39","","2015-05-27 23:17:11",""
"","Cerra40","","2015-05-27 23:20:00",""
"","Cerra41","","2015-05-27 23:28:52",""
"","Cerra42","","2015-05-27 23:32:02",""
"","Cerra43","","2015-05-27 23:43:51",""
"","Cerra44","","2015-05-27 23:46:48",""
"","Cerra45","","2015-05-27 23:58:01",""
"","Cerra46","","2015-05-28 13:46:49",""
"","Cerra47","","2015-05-28 13:56:37",""
"","Citof13","","2015-05-28 15:13:27",""
"","Citof20","","2015-05-28 15:16:50",""
"","Citof23","","2015-05-28 15:26:36",""
"","Citof24","","2015-05-28 15:30:13",""
"","Citof25","","2015-05-28 15:33:56",""
"","Citof26","","2015-05-28 15:37:54",""
"","Citof28","","2015-05-28 15:50:48",""
"","Citof29","","2015-05-28 15:55:43",""
"","Citof30","","2015-05-28 16:07:55",""
"","Citof31","","2015-05-28 16:15:03",""
"","Citof32","","2015-05-28 16:29:11",""
"","Citof33","","2015-05-28 16:33:58",""
"","Citof34","","2015-05-28 16:38:11",""
"","Citof35","","2015-05-28 17:09:04",""
"","Citof36","","2015-05-28 17:12:01",""
"","Citof37","","2015-05-28 17:16:21",""
"","Compu8","","2015-05-28 17:25:32",""
"","Compu9","","2015-05-28 17:30:57",""
"","Compu10","","2015-05-28 17:36:46",""
"","Compu11","","2015-05-28 17:51:51",""
"","Compu12","","2015-05-28 17:57:50",""
"","Compu13","","2015-05-28 18:01:12",""
"","Compu14","","2015-05-28 19:09:16",""
"","Compu15","","2015-05-28 19:14:01",""
"","Compu16","","2015-05-28 19:22:52",""
"","Compu17","","2015-05-28 19:35:10",""
"","Compu18","","2015-05-28 19:41:58",""
"","Compu19","","2015-05-28 19:46:12",""
"","Compu20","","2015-05-28 19:52:11",""
"","Compu21","","2015-05-28 20:12:20",""
"","Compu22","","2015-05-28 20:18:09",""
"","Compu23","","2015-05-28 20:26:01",""
"","Compu24","","2015-05-28 20:49:20",""
"","Compu25","","2015-05-28 21:02:46",""
"","Compu26","","2015-05-28 21:15:21",""
"","Compu27","","2015-05-28 21:25:23",""
"","Compu28","","2015-05-28 21:30:26",""
"","Compu29","","2015-05-28 21:35:28",""
"","Compu30","","2015-05-28 21:42:30",""
"","Compu31","","2015-05-28 21:48:49",""
"","Compu32","","2015-05-28 22:01:39",""
"","Compu33","","2015-05-28 22:05:46",""
"","Compu34","","2015-05-28 22:18:11",""
"","Compu35","","2015-05-28 22:23:30",""
"","Compu36","","2015-05-28 22:29:07",""
"","Compu37","","2015-05-28 22:35:07",""
"","Compu38","","2015-05-28 22:48:14",""
"","Compu39","","2015-05-28 22:53:55",""
"","Compu40","","2015-05-28 22:57:46",""
"","Compu41","","2015-05-28 23:02:16",""
"","Compu42","","2015-05-28 23:05:50",""
"","Compu43","","2015-05-28 23:36:42",""
"","Compu44","","2015-05-28 23:41:38",""
"","Compu45","","2015-05-28 23:46:20",""
"","Compu46","","2015-05-28 23:49:24",""
"","Compu47","","2015-05-28 23:57:37",""
"","Compu48","","2015-05-29 00:00:24",""
"","Compu49","","2015-05-29 00:03:15",""
"","Compu50","","2015-05-29 00:05:28",""
"","Compu51","","2015-05-29 00:09:34",""
"","Compu52","","2015-05-29 13:14:08",""
"","Bufete20","","2015-06-01 00:51:54",""
"","Bufete21","","2015-06-01 00:54:46",""
"","Bufete22","","2015-06-01 01:02:04",""
"","Bufete23","","2015-06-01 01:05:05",""
"","Bufete24","","2015-06-01 01:09:00",""
"","Bufete25","","2015-06-01 01:11:43",""
"","Bufete26","","2015-06-01 01:14:20",""
"","Bufete27","","2015-06-01 01:16:51",""
"","Bufete28","","2015-06-01 01:20:20",""
"","Bufete29","","2015-06-01 01:23:05",""
"","Bufete30","","2015-06-01 01:25:50",""
"","Bufete31","","2015-06-01 01:28:29",""
"","Bufete32","","2015-06-01 01:30:59",""
"","Bufete33","","2015-06-01 01:33:51",""
"","Bufete34","","2015-06-01 01:36:28",""
"","Bufete35","","2015-06-01 01:38:59",""
"","Bufete36","","2015-06-01 01:41:14",""
"","Bufete37","","2015-06-01 01:43:43",""
"","Bufete38","","2015-06-01 01:46:56",""
"","Bufete39","","2015-06-01 02:29:16",""
"","Bufete40","","2015-06-01 02:31:45",""
"","Bufete41","","2015-06-01 02:34:29",""
"","Bufete42","","2015-06-01 02:36:43",""
"","Bufete43","","2015-06-01 02:39:06",""
"","Bufete1","","2015-06-01 13:54:14",""
"","Bufete5","","2015-06-01 14:37:06",""
"","Bufete11","","2015-06-01 14:39:11",""
"","Bufete13","","2015-06-01 14:42:19",""
"","Bufete16","","2015-06-01 14:51:43",""
"","Vigila56","","2015-06-02 17:48:15",""
"","Vigila57","","2015-06-02 17:52:02",""
"","Vigila58","","2015-06-02 17:54:33",""
"","Vigila59","","2015-06-02 17:58:18",""
"","Vigila35","","2015-06-02 18:02:00",""
"","Cctv3","","2015-06-03 14:51:16",""
"","Cctv4","","2015-06-03 14:56:50",""
"","Cctv8","","2015-06-03 15:00:01",""
"","Cctv11","","2015-06-03 15:04:13",""
"","Cctv13","","2015-06-03 15:07:23",""
"","Cctv14","","2015-06-03 15:10:55",""
"","Cctv15","","2015-06-03 15:13:53",""
"","Cctv16","","2015-06-03 15:17:10",""
"","Cctv17","","2015-06-03 15:20:25",""
"","Cctv18","","2015-06-03 15:23:47",""
"","Cctv23","","2015-06-03 15:48:33",""
"","Cctv25","","2015-06-03 15:51:54",""
"","Cctv12","","2015-06-03 17:53:24",""
"","Citof27","","2015-06-03 22:13:51",""
"","Imper20","","2015-06-03 22:33:11",""
"","Imper21","","2015-06-03 22:42:31",""
"","Imper22","","2015-06-03 22:46:05",""
"","Imper23","","2015-06-03 22:50:18",""
"","Imper24","","2015-06-03 22:52:53",""
"","Imper25","","2015-06-03 22:54:53",""
"","Imper26","","2015-06-03 22:57:00",""
"","Imper27","","2015-06-03 22:59:20",""
"","Imper28","","2015-06-03 23:01:45",""
"","Imper29","","2015-06-03 23:03:57",""
"","Imper30","","2015-06-04 13:13:09",""
"","Imper31","","2015-06-04 13:15:38",""
"","Imper32","","2015-06-04 13:17:57",""
"","Imper33","","2015-06-04 13:20:15",""
"","Imper34","","2015-06-04 13:24:04",""
"","Imper35","","2015-06-04 13:26:26",""
"","Imper36","","2015-06-04 13:28:54",""
"","Imper37","","2015-06-04 13:31:09",""
"","Imper38","","2015-06-04 13:33:27",""
"","Imper39","","2015-06-04 13:35:22",""
"","Imper40","","2015-06-04 13:37:17",""
"","Imper41","","2015-06-04 13:39:34",""
"","Imper42","","2015-06-04 13:41:48",""
"","Imper43","","2015-06-04 13:44:07",""
"","Imper44","","2015-06-04 13:46:49",""
"","Imper45","","2015-06-04 13:49:21",""
"","Imper46","","2015-06-04 13:51:44",""
"","Imper47","","2015-06-04 13:54:17",""
"","Imper48","","2015-06-04 13:59:06",""
"","Imper49","","2015-06-04 14:02:04",""
"","Imper50","","2015-06-04 14:04:22",""
"","Imper51","","2015-06-04 14:07:06",""
"","Imper52","","2015-06-04 14:09:26",""
"","Imper53","","2015-06-04 14:11:57",""
"","Imper54","","2015-06-04 14:14:08",""
"","Imper55","","2015-06-04 14:16:47",""
"","Imper56","","2015-06-04 14:19:25",""
"","Imper57","","2015-06-04 14:36:47",""
"","Imper58","","2015-06-04 14:39:13",""
"","Imper59","","2015-06-04 14:42:32",""
"","Imper60","","2015-06-04 14:50:00",""
"","Imper61","","2015-06-04 14:53:41",""
"","Imper62","","2015-06-04 14:56:56",""
"","Imper63","","2015-06-04 15:00:48",""
"","Imper64","","2015-06-04 15:14:30",""
"","Imper65","","2015-06-04 15:16:37",""
"","Compu2","","2015-06-04 16:07:20",""
"","Compu53","","2015-06-04 16:22:35",""
"","Soft18","","2015-06-05 13:50:10",""
"","Soft19","","2015-06-05 13:52:37",""
"","Soft20","","2015-06-05 13:55:11",""
"","Soft21","","2015-06-05 13:57:33",""
"","Soft22","","2015-06-05 13:59:58",""
"","Soft23","","2015-06-05 14:02:19",""
"","Soft24","","2015-06-05 14:04:35",""
"","Soft25","","2015-06-05 14:06:54",""
"","Soft26","","2015-06-05 14:08:49",""
"","Soft27","","2015-06-05 14:11:09",""
"","Soft28","","2015-06-05 14:14:33",""
"","Soft29","","2015-06-05 14:21:09",""
"","Soft30","","2015-06-05 14:24:01",""
"","Soft31","","2015-06-05 14:26:14",""
"","Soft32","","2015-06-05 14:28:40",""
"","Soft33","","2015-06-05 14:31:09",""
"","Soft34","","2015-06-05 14:42:21",""
"","Soft35","","2015-06-05 14:45:12",""
"","Soft36","","2015-06-05 14:47:13",""
"","Soft37","","2015-06-05 14:49:47",""
"","Soft38","","2015-06-05 14:52:26",""
"","Soft39","","2015-06-05 14:54:44",""
"","Soft40","","2015-06-05 14:56:53",""
"","Soft41","","2015-06-05 14:59:16",""
"","Soft42","","2015-06-05 15:07:32",""
"","Soft43","","2015-06-05 15:09:45",""
"","Soft44","","2015-06-05 15:12:04",""
"","Soft45","","2015-06-05 15:14:20",""
"","Soft46","","2015-06-05 15:16:46",""
"","Soft47","","2015-06-05 15:44:52",""
"","Soft48","","2015-06-05 15:48:06",""
"","Soft49","","2015-06-05 15:58:21",""
"","Soft50","","2015-06-05 16:01:15",""
"","Soft51","","2015-06-05 16:03:43",""
"","Soft52","","2015-06-05 16:06:35",""
"","Soft53","","2015-06-05 16:09:19",""
"","Soft54","","2015-06-05 16:13:19",""
"","Soft55","","2015-06-05 16:16:01",""
"","Soft56","","2015-06-05 16:19:31",""
"","Soft57","","2015-06-05 16:22:14",""
"","Soft58","","2015-06-05 16:24:47",""
"","Soft59","","2015-06-05 16:28:33",""
"","Soft60","","2015-06-05 16:31:54",""
"","Soft61","","2015-06-05 16:35:15",""
"","Soft62","","2015-06-05 16:38:18",""
"","Soft63","","2015-06-05 16:40:52",""
"","Soft64","","2015-06-05 16:49:33",""
"","Soft65","","2015-06-05 16:51:42",""
"","Soft66","","2015-06-05 16:54:59",""
"","Soft67","","2015-06-05 16:57:41",""
"","Soft68","","2015-06-05 17:06:03",""
"","Soft69","","2015-06-05 17:08:10",""
"","Soft70","","2015-06-05 17:11:12",""
"","Soft71","","2015-06-05 17:14:31",""
"","Soft72","","2015-06-05 17:17:04",""
"","Soft73","","2015-06-05 17:20:10",""
"","Fumig1","","2015-06-05 22:31:55",""
"","Fumig2","","2015-06-05 22:35:54",""
"","Fumig3","","2015-06-05 22:40:54",""
"","Fumig4","","2015-06-05 22:45:37",""
"","Fumig5","","2015-06-05 22:47:50",""
"","Fumig6","","2015-06-05 22:52:30",""
"","Fumig7","","2015-06-05 22:56:23",""
"","Fumig8","","2015-06-05 22:58:44",""
"","Fumig9","","2015-06-05 23:02:17",""
"","Fumig10","","2015-06-05 23:05:15",""
"","Fumig11","","2015-06-09 13:12:00",""
"","Fumig12","","2015-06-09 13:15:07",""
"","Fumig13","","2015-06-09 13:18:10",""
"","Fumig14","","2015-06-09 13:23:08",""
"","Fumig15","","2015-06-09 13:27:29",""
"","Fumig16","","2015-06-09 13:31:46",""
"","Fumig17","","2015-06-09 13:34:10",""
"","Fumig18","","2015-06-09 13:38:05",""
"","Fumig19","","2015-06-09 13:40:10",""
"","Fumig20","","2015-06-09 13:46:08",""
"","Fumig21","","2015-06-09 13:49:43",""
"","Fumig22","","2015-06-09 13:52:50",""
"","Fumig23","","2015-06-09 13:57:45",""
"","Fumig24","","2015-06-09 13:59:57",""
"","Fumig25","","2015-06-09 14:03:46",""
"","Fumig26","","2015-06-09 14:06:44",""
"","Fumig27","","2015-06-09 14:12:24",""
"","Fumig28","","2015-06-09 14:16:07",""
"","Fumig29","","2015-06-09 14:20:11",""
"","Fumig30","","2015-06-09 14:23:45",""
"","Fumig31","","2015-06-09 14:27:34",""
"","Fumig32","","2015-06-09 14:29:35",""
"","Fumig33","","2015-06-09 14:34:56",""
"","Fumig34","","2015-06-09 14:42:38",""
"","Fumig35","","2015-06-09 15:40:24",""
"","Fumig36","","2015-06-09 16:07:30",""
"","Fumig37","","2015-06-09 16:24:43",""
"","Fumig38","","2015-06-09 16:29:15",""
"","Fumig39","","2015-06-09 16:33:32",""
"","Fumig40","","2015-06-09 16:40:21",""
"","Fumig41","","2015-06-09 16:46:22",""
"","Fumig42","","2015-06-09 16:49:17",""
"","Fumig43","","2015-06-09 16:53:56",""
"","Fumig44","","2015-06-09 17:03:50",""
"","Fumig45","","2015-06-09 17:07:10",""
"","Fumig46","","2015-06-09 17:22:23",""
"","Cerra5","","2015-06-09 21:40:17",""
"","Cerra7","","2015-06-09 21:45:06",""
"","Cerra8","","2015-06-09 21:47:59",""
"","Cerra9","","2015-06-09 21:49:49",""
"","Cerra11","","2015-06-09 21:52:15",""
"","Cerra15","","2015-06-09 21:54:21",""
"","Cerra16","","2015-06-09 21:57:19",""
"","Cerra17","","2015-06-09 21:59:35",""
"","Cerra21","","2015-06-09 22:04:06",""
"","Cerra48","","2015-06-09 22:11:48",""
"","Cerra13","","2015-06-10 16:39:24",""
"","Jardin1","","2015-06-10 16:56:57",""
"","Jardin2","","2015-06-10 17:01:15",""
"","Jardin3","","2015-06-10 17:05:44",""
"","Jardin4","","2015-06-10 17:09:49",""
"","Jardin5","","2015-06-10 17:15:14",""
"","Jardin6","","2015-06-10 17:23:06",""
"","Jardin7","","2015-06-10 17:32:04",""
"","Jardin8","","2015-06-10 17:37:43",""
"","Jardin9","","2015-06-10 17:44:28",""
"","Jardin10","","2015-06-10 17:48:44",""
"","Jardin11","","2015-06-10 17:50:56",""
"","Jardin12","","2015-06-10 17:54:13",""
"","Fachada1","","2015-06-10 19:33:03",""
"","Fachada2","","2015-06-10 19:42:44",""
"","Fachada3","","2015-06-10 19:50:27",""
"","Fachada4","","2015-06-10 20:20:35",""
"","Fachada5","","2015-06-10 20:25:58",""
"","Fachada6","","2015-06-10 20:30:11",""
"","Fachada7","","2015-06-10 20:36:42",""
"","Fachada8","","2015-06-10 21:15:26",""
"","Fachada9","","2015-06-10 21:20:22",""
"","Fachada10","","2015-06-10 21:24:58",""
"","Fachada11","","2015-06-10 21:48:05",""
"","Fachada12","","2015-06-10 21:55:41",""
"","Fachada13","","2015-06-10 22:01:02",""
"","Fachada14","","2015-06-10 22:11:16",""
"","Fachada15","","2015-06-10 22:23:07",""
"","Fachada16","","2015-06-10 22:27:29",""
"","Fachada17","","2015-06-10 22:31:06",""
"","Fachada18","","2015-06-10 22:35:38",""
"","Fachada19","","2015-06-10 22:39:02",""
"","Fachada20","","2015-06-10 22:42:30",""
"","Fachada21","","2015-06-11 14:28:24",""
"","Fachada22","","2015-06-11 14:44:00",""
"","Fachada23","","2015-06-11 14:48:34",""
"","Fachada24","","2015-06-11 15:00:05",""
"","Fachada25","","2015-06-11 15:19:59",""
"","Fachada26","","2015-06-11 15:25:27",""
"","Fachada27","","2015-06-11 15:29:57",""
"","Fachada28","","2015-06-11 15:33:46",""
"","Fachada29","","2015-06-11 15:37:28",""
"","Fachada30","","2015-06-11 15:47:58",""
"","Cobra1","","2015-06-11 16:26:54",""
"","Cobra2","","2015-06-11 16:35:41",""
"","Cobra3","","2015-06-11 16:39:51",""
"","Cobra4","","2015-06-11 16:44:08",""
"","Cobra5","","2015-06-11 16:47:57",""
"","Cobra6","","2015-06-11 16:54:40",""
"","Cobra7","","2015-06-11 16:59:17",""
"","Cobra8","","2015-06-11 17:10:17",""
"","Cobra9","","2015-06-11 17:23:56",""
"","Cobra10","","2015-06-11 17:28:21",""
"","Cobra11","","2015-06-11 17:32:37",""
"","Cobra12","","2015-06-11 17:36:05",""
"","Cobra13","","2015-06-11 17:39:55",""
"","Cobra14","","2015-06-11 17:44:21",""
"","Cobra15","","2015-06-11 17:48:05",""
"","Cobra16","","2015-06-11 17:56:15",""
"","Cobra17","","2015-06-16 15:32:18",""
"","Cobra18","","2015-06-16 15:35:40",""
"","Cobra19","","2015-06-16 15:39:41",""
"","Cobra20","","2015-06-16 15:42:19",""
"","Cobra21","","2015-06-16 15:49:24",""
"","Cobra22","","2015-06-16 15:55:02",""
"","Cobra23","","2015-06-16 16:04:25",""
"","Cobra24","","2015-06-16 16:08:38",""
"","Cobra25","","2015-06-16 16:17:45",""
"","Cobra26","","2015-06-16 16:22:08",""
"","Cobra27","","2015-06-16 16:25:49",""
"","Cobra28","","2015-06-16 16:30:36",""
"","Cobra29","","2015-06-16 16:42:10",""
"","Cobra30","","2015-06-16 16:45:45",""
"","Cobra31","","2015-06-16 16:50:31",""
"","Cobra32","","2015-06-16 16:54:13",""
"","Cobra33","","2015-06-16 16:57:31",""
"","Cobra34","","2015-06-16 17:00:20",""
"","Cobra35","","2015-06-16 17:02:57",""
"","Cobra36","","2015-06-16 17:09:50",""
"","Cobra37","","2015-06-16 17:14:15",""
"","Vidrio2","","2015-06-16 20:27:32",""
"","Vidrio3","","2015-06-16 20:29:35",""
"","Vidrio6","","2015-06-16 20:32:26",""
"","Vidrio7","","2015-06-16 20:34:40",""
"","Vidrio12","","2015-06-16 20:36:46",""
"","Vidrio18","","2015-06-16 20:39:00",""
"","Vidrio23","","2015-06-16 20:42:32",""
"","Vidrio24","","2015-06-16 20:48:09",""
"","Vidrio25","","2015-06-16 20:51:52",""
"","Vidrio26","","2015-06-16 20:54:30",""
"","Vidrio27","","2015-06-16 20:56:34",""
"","Vidrio28","","2015-06-16 20:58:55",""
"","Vidrio29","","2015-06-16 21:12:38",""
"","Vidrio30","","2015-06-16 21:14:52",""
"","Vidrio31","","2015-06-16 21:22:23",""
"","Vidrio32","","2015-06-16 21:24:32",""
"","Vidrio33","","2015-06-16 21:27:21",""
"","Vidrio34","","2015-06-16 21:29:12",""
"","Vidrio35","","2015-06-16 21:31:13",""
"","Vidrio36","","2015-06-16 21:34:29",""
"","Vidrio37","","2015-06-16 21:36:29",""
"","Vidrio38","","2015-06-16 21:38:41",""
"","Vidrio39","","2015-06-16 21:40:36",""
"","Vidrio40","","2015-06-16 21:42:27",""
"","Vidrio41","","2015-06-16 21:44:17",""
"","Vidrio42","","2015-06-16 21:46:16",""
"","Vidrio43","","2015-06-16 21:48:13",""
"","Vidrio44","","2015-06-16 21:49:44",""
"","Vidrio45","","2015-06-16 21:52:38",""
"","Vidrio46","","2015-06-16 21:55:31",""
"","Vidrio47","","2015-06-16 21:57:34",""
"","Vidrio48","","2015-06-16 21:59:59",""
"","Ferre4","","2015-06-17 20:31:34",""
"","Ferre6","","2015-06-17 20:33:07",""
"","Ferre12","","2015-06-17 20:35:04",""
"","Ferre13","","2015-06-17 20:37:11",""
"","Ferre14","","2015-06-17 20:41:23",""
"","Ferre15","","2015-06-17 20:44:00",""
"","Ferre16","","2015-06-17 20:45:27",""
"","Ferre17","","2015-06-17 20:47:50",""
"","Ferre18","","2015-06-17 20:49:23",""
"","Ferre19","","2015-06-17 20:52:04",""
"","Ferre20","","2015-06-17 20:53:22",""
"","Ferre21","","2015-06-17 20:56:18",""
"","Ferre22","","2015-06-17 21:00:18",""
"","Ferre23","","2015-06-17 21:14:05",""
"","Ferre24","","2015-06-17 21:18:50",""
"","Ferre25","","2015-06-17 21:24:32",""
"","Ferre26","","2015-06-17 21:27:32",""
"","Ferre27","","2015-06-17 21:29:46",""
"","Ferre28","","2015-06-17 21:32:39",""
"","Ferre29","","2015-06-17 21:38:38",""
"","Ferre30","","2015-06-17 21:41:48",""
"","Ferre31","","2015-06-17 21:45:56",""
"","Ferre32","","2015-06-17 21:54:37",""
"","Ferre33","","2015-06-17 22:12:52",""
"","Ferre34","","2015-06-17 22:17:32",""
"","Ferre35","","2015-06-17 22:19:46",""
"","Ferre36","","2015-06-17 22:42:33",""
"","Ferre37","","2015-06-17 22:44:38",""
"","Ferre38","","2015-06-17 22:47:11",""
"","Ferre39","","2015-06-17 22:49:33",""
"","Ferre40","","2015-06-17 22:52:47",""
"","Ferre41","","2015-06-17 22:54:37",""
"","Ferre42","","2015-06-17 22:57:14",""
"","Ferre43","","2015-06-17 23:00:29",""
"","Ferre44","","2015-06-17 23:04:22",""
"","Lito4","","2015-06-18 14:01:43",""
"","Lito6","","2015-06-18 14:05:29",""
"","Lito7","","2015-06-18 14:07:02",""
"","Lito20","","2015-06-18 14:30:50",""
"","Lito30","","2015-06-18 14:36:56",""
"","Lito31","","2015-06-18 16:24:32",""
"","Lito32","","2015-06-18 16:26:10",""
"","Lito33","","2015-06-18 16:39:23",""
"","Lito34","","2015-06-18 16:41:11",""
"","Lito35","","2015-06-18 16:44:22",""
"","Lito36","","2015-06-18 16:51:20",""
"","Lito37","","2015-06-18 16:54:43",""
"","Lito38","","2015-06-18 16:57:13",""
"","Lito39","","2015-06-18 17:11:49",""
"","Lito40","","2015-06-18 17:19:20",""
"","Lito41","","2015-06-18 17:30:40",""
"","Lito42","","2015-06-18 17:35:28",""
"","Lito43","","2015-06-18 17:47:42",""
"","Lito44","","2015-06-18 19:03:26",""
"","Lito45","","2015-06-18 19:06:38",""
"","Lito46","","2015-06-18 19:09:56",""
"","Lito47","","2015-06-18 19:12:18",""
"","Lito48","","2015-06-18 19:14:53",""
"","Lito49","","2015-06-18 19:17:58",""
"","Lito50","","2015-06-18 19:20:59",""
"","Lito51","","2015-06-18 19:32:44",""
"","Lito52","","2015-06-18 19:37:32",""
"","Lito53","","2015-06-18 19:40:38",""
"","Lito54","","2015-06-18 19:43:33",""
"","Lito55","","2015-06-18 19:47:59",""
"","Lito56","","2015-06-18 19:52:30",""
"","Lito57","","2015-06-18 19:54:12",""
"","Lito58","","2015-06-18 19:56:01",""
"","Lito59","","2015-06-18 19:59:06",""
"","Lito60","","2015-06-18 20:52:05",""
"","Lito61","","2015-06-18 20:54:55",""
"","Lito62","","2015-06-18 20:56:56",""
"","Lito63","","2015-06-18 20:58:57",""
"","Lito64","","2015-06-18 21:00:34",""
"","Lito65","","2015-06-18 21:02:06",""
"","Lito66","","2015-06-18 21:04:39",""
"","Lito67","","2015-06-18 21:06:17",""
"","Lito68","","2015-06-18 21:07:49",""
"","Lito69","","2015-06-18 21:09:20",""
"","Lito70","","2015-06-18 21:11:13",""
"","Lito71","","2015-06-18 21:13:10",""
"","Lito72","","2015-06-18 21:15:11",""
"","Lito73","","2015-06-18 21:16:55",""
"","Lito74","","2015-06-18 21:18:31",""
"","Oficont3","","2015-06-18 21:34:50",""
"","Oficont5","","2015-06-18 21:42:09",""
"","Oficont8","","2015-06-18 22:12:32",""
"","Oficont12","","2015-06-18 22:15:04",""
"","Oficont13","","2015-06-18 22:16:33",""
"","Oficont14","","2015-06-18 22:19:51",""
"","Oficont17","","2015-06-18 22:31:57",""
"","Oficont22","","2015-06-18 22:33:25",""
"","Oficont23","","2015-06-18 22:35:04",""
"","Oficont24","","2015-06-18 22:36:32",""
"","Oficont26","","2015-06-18 22:39:45",""
"","Oficont27","","2015-06-18 22:41:09",""
"","Oficont28","","2015-06-18 22:42:35",""
"","Oficont15","","2015-06-19 17:46:48",""
"","Oficont25","","2015-06-19 17:54:07",""
"","Sello11","","2015-06-19 20:28:24",""
"","Sello12","","2015-06-19 20:30:18",""
"","Sello13","","2015-06-19 20:31:54",""
"","Sello14","","2015-06-19 20:34:07",""
"","Sello15","","2015-06-19 20:35:44",""
"","Sello16","","2015-06-19 20:38:09",""
"","Sello17","","2015-06-19 20:44:33",""
"","Sello18","","2015-06-19 20:46:28",""
"","Sello19","","2015-06-19 20:47:59",""
"","Sello20","","2015-06-19 20:50:10",""
"","Sello3","","2015-06-19 21:48:47",""
"","Sello8","","2015-06-19 21:59:49",""
"","Sello9","","2015-06-19 22:01:48",""
"","Sello7","","2015-06-19 22:03:34",""
"","Segu25","","2015-06-20 23:41:21",""
"","Segu27","","2015-06-21 01:22:51",""
"","Segu28","","2015-06-21 01:26:07",""
"","Segu29","","2015-06-21 01:28:24",""
"","Segu30","","2015-06-21 01:31:31",""
"","Segu31","","2015-06-21 01:33:47",""
"","Segu32","","2015-06-21 01:35:28",""
"","Segu33","","2015-06-21 01:37:52",""
"","Segu34","","2015-06-21 01:39:27",""
"","Segu35","","2015-06-21 01:40:53",""
"","Segu36","","2015-06-21 01:42:56",""
"","Segu37","","2015-06-21 01:45:21",""
"","Segu38","","2015-06-21 01:47:03",""
"","Segu39","","2015-06-21 01:48:50",""
"","Segu40","","2015-06-21 01:50:20",""
"","Segu41","","2015-06-21 02:25:10",""
"","Segu42","","2015-06-21 02:26:36",""
"","Segu43","","2015-06-21 02:29:25",""
"","Segu44","","2015-06-21 02:31:00",""
"","Segu45","","2015-06-21 02:32:47",""
"","Segu46","","2015-06-21 02:34:18",""
"","Segu47","","2015-06-21 02:35:45",""
"","Segu48","","2015-06-21 02:37:26",""
"","Segu49","","2015-06-21 02:39:05",""
"","Segu50","","2015-06-21 02:40:45",""
"","Segu51","","2015-06-21 02:43:05",""
"","Segu52","","2015-06-21 02:44:37",""
"","Segu53","","2015-06-21 02:45:57",""
"","Segu54","","2015-06-21 02:47:20",""
"","Segu55","","2015-06-21 02:49:39",""
"","Segu56","","2015-06-21 02:51:34",""
"","Segu57","","2015-06-21 02:54:06",""
"","Segu58","","2015-06-21 02:56:26",""
"","Segu59","","2015-06-21 02:58:06",""
"","Segu60","","2015-06-21 03:00:50",""
"","Segu26","","2015-06-21 04:35:53",""
"","Obracivil2","","2015-06-21 15:15:40",""
"","Obracivil3","","2015-06-21 19:57:37",""
"","Obracivil4","","2015-06-21 20:00:09",""
"","Obracivil5","","2015-06-21 20:02:58",""
"","Obracivil6","","2015-06-21 20:05:59",""
"","Obracivil7","","2015-06-21 22:26:16",""
"","Obracivil8","","2015-06-21 22:28:18",""
"","Obracivil9","","2015-06-21 22:29:52",""
"","Obracivil10","","2015-06-21 22:31:56",""
"","Obracivil11","","2015-06-21 22:34:37",""
"","Obracivil12","","2015-06-21 22:36:24",""
"","Obracivil13","","2015-06-21 22:38:24",""
"","Obracivil14","","2015-06-21 22:49:21",""
"","Obracivil15","","2015-06-22 00:41:23",""
"","Obracivil16","","2015-06-22 00:43:44",""
"","Obracivil17","","2015-06-22 00:45:36",""
"","Obracivil18","","2015-06-22 00:47:57",""
"","Obracivil19","","2015-06-22 00:50:28",""
"","Obracivil20","","2015-06-22 00:52:10",""
"","Obracivil21","","2015-06-22 00:54:36",""
"","Obracivil22","","2015-06-22 00:57:19",""
"","Obracivil23","","2015-06-22 01:00:14",""
"","Obracivil24","","2015-06-22 01:02:46",""
"","Obracivil25","","2015-06-22 01:04:32",""
"","Obracivil26","","2015-06-22 02:27:39",""
"","Obracivil27","","2015-06-22 02:39:50",""
"","Obracivil28","","2015-06-22 02:47:43",""
"","Obracivil29","","2015-06-22 02:52:25",""
"","Obracivil30","","2015-06-22 02:56:03",""
"","Obracivil31","","2015-06-22 02:59:11",""
"","Obracivil32","","2015-06-22 03:01:57",""
"","Obracivil33","","2015-06-22 03:27:23",""
"","Obracivil34","","2015-06-22 03:28:56",""
"","Obracivil35","","2015-06-22 03:30:28",""
"","Obracivil36","","2015-06-22 03:37:49",""
"","Obracivil37","","2015-06-22 03:40:14",""
"","Eventos1","","2015-06-22 03:41:47",""
"","Eventos2","","2015-06-22 03:43:03",""
"","Eventos3","","2015-06-22 03:44:42",""
"","Eventos4","","2015-06-22 03:47:38",""
"","Eventos5","","2015-06-22 03:49:02",""
"","Eventos6","","2015-06-22 03:51:07",""
"","Eventos7","","2015-06-22 03:55:51",""
"","Eventos8","","2015-06-22 03:57:23",""
"","Eventos9","","2015-06-22 03:59:53",""
"","Eventos10","","2015-06-22 04:10:41",""
"","Eventos11","","2015-06-22 04:12:00",""
"","Eventos12","","2015-06-22 04:13:28",""
"","Eventos13","","2015-06-22 04:14:55",""
"","Eventos14","","2015-06-22 04:16:16",""
"","Eventos15","","2015-06-22 04:17:41",""
"","Eventos16","","2015-06-22 04:19:01",""
"","Eventos17","","2015-06-22 04:20:17",""
"","Eventos18","","2015-06-22 04:21:45",""
"","Eventos19","","2015-06-22 04:23:01",""
"","Eventos20","","2015-06-22 04:24:23",""
"","Eventos21","","2015-06-22 04:25:39",""
"","Eventos22","","2015-06-22 04:27:06",""
"","Eventos23","","2015-06-22 04:28:25",""
"","Eventos24","","2015-06-22 04:30:00",""
"","Eventos25","","2015-06-22 04:31:25",""
"","Eventos26","","2015-06-22 04:33:54",""
"","Eventos27","","2015-06-22 04:35:29",""
"","Eventos28","","2015-06-22 04:36:49",""
"","Eventos29","","2015-06-22 04:38:04",""
"","Eventos30","","2015-06-22 04:39:49",""
"","Eventos31","","2015-06-22 04:41:05",""
"","Eventos32","","2015-06-22 04:42:28",""
"","adminis tradorconjunt x","","2015-08-04 20:47:16",""
"","usus","","2015-08-04 21:09:59",""
"","usus2","","2015-08-05 19:23:43",""
"","primerusur sugnser","","2015-08-05 22:08:56",""
